gameId,teamAbbrev,homeRoadFlag,gameDate,goals,assists,points,plusMinus,powerPlayGoals,powerPlayPoints,gameWinningGoals,otGoals,shots,shifts,shorthandedGoals,shorthandedPoints,opponentAbbrev,pim,toi,commonName.default,opponentCommonName.default,opponentCommonName.fr
2017020089,CAR,R,2017-10-17,0,0,0,0,0,0,0,0,0,13,0,0,EDM,0,6:54,Hurricanes,Oilers,NA
2018020008,CAR,H,2018-10-04,0,0,0,0,0,0,0,0,1,16,0,0,NYI,0,11:35,Hurricanes,Islanders,NA
2018020015,CAR,R,2018-10-05,0,0,0,0,0,0,0,0,1,16,0,0,CBJ,0,11:05,Hurricanes,Blue Jackets,NA
2018020029,CAR,H,2018-10-07,0,1,1,-1,0,0,0,0,0,15,0,0,NYR,0,10:06,Hurricanes,Rangers,NA
2018020037,CAR,H,2018-10-09,0,0,0,0,0,0,0,0,0,13,0,0,VAN,0,8:17,Hurricanes,Canucks,NA
2018020060,CAR,R,2018-10-13,0,0,0,0,0,0,0,0,0,16,0,0,MIN,0,11:40,Hurricanes,Wild,NA
2018020073,CAR,R,2018-10-14,0,0,0,0,0,0,0,0,3,13,0,0,WPG,0,10:44,Hurricanes,Jets,NA
2018020082,CAR,R,2018-10-16,1,0,1,1,0,0,0,0,1,14,0,0,TBL,2,6:43,Hurricanes,Lightning,NA
2019020008,CAR,H,2019-10-03,1,0,1,0,1,1,0,0,2,20,0,0,MTL,0,15:16,Hurricanes,Canadiens,NA
2019020023,CAR,R,2019-10-05,0,0,0,-1,0,0,0,0,2,18,0,0,WSH,2,14:42,Hurricanes,Capitals,NA
2019020031,CAR,H,2019-10-06,0,0,0,-1,0,0,0,0,2,15,0,0,TBL,0,10:55,Hurricanes,Lightning,NA
2019020036,CAR,R,2019-10-08,0,1,1,1,0,0,0,0,1,16,0,0,FLA,0,12:50,Hurricanes,Panthers,NA
2019020060,CAR,H,2019-10-11,0,1,1,1,0,0,0,0,1,19,0,0,NYI,0,14:07,Hurricanes,Islanders,NA
2019020068,CAR,H,2019-10-12,0,1,1,1,0,0,0,0,1,20,0,0,CBJ,0,15:35,Hurricanes,Blue Jackets,NA
2019020091,CAR,R,2019-10-15,1,0,1,1,0,0,1,0,1,20,0,0,LAK,0,16:13,Hurricanes,Kings,NA
2019020097,CAR,R,2019-10-16,0,0,0,-1,0,0,0,0,1,17,0,0,SJS,0,13:14,Hurricanes,Sharks,NA
2019020112,CAR,R,2019-10-18,0,0,0,-2,0,0,0,0,0,24,0,0,ANA,0,14:51,Hurricanes,Ducks,NA
2019020148,CAR,R,2019-10-24,0,1,1,0,0,0,0,0,0,16,0,0,CBJ,0,11:44,Hurricanes,Blue Jackets,NA
2019020161,CAR,H,2019-10-26,0,0,0,0,0,0,0,0,1,18,0,0,CHI,2,12:29,Hurricanes,Blackhawks,NA
2019020183,CAR,H,2019-10-29,0,0,0,0,0,0,0,0,1,17,0,0,CGY,0,13:38,Hurricanes,Flames,NA
2019020199,CAR,H,2019-11-01,1,0,1,0,0,0,1,0,4,19,0,0,DET,0,13:21,Hurricanes,Red Wings,NA
2019020210,CAR,H,2019-11-02,0,1,1,1,0,0,0,0,0,18,0,0,NJD,0,12:44,Hurricanes,Devils,NA
2019020226,CAR,R,2019-11-05,0,1,1,0,0,0,0,0,2,22,0,0,PHI,0,16:54,Hurricanes,Flyers,NA
2019020241,CAR,H,2019-11-07,0,1,1,0,0,0,0,0,4,18,0,0,NYR,0,13:30,Hurricanes,Rangers,NA
2019020255,CAR,R,2019-11-09,0,0,0,-1,0,0,0,0,1,19,0,0,OTT,0,14:53,Hurricanes,Senators,Sénateurs
2019020271,CAR,H,2019-11-11,1,1,2,-1,1,1,0,0,2,19,0,0,OTT,0,14:34,Hurricanes,Senators,Sénateurs
2019020286,CAR,R,2019-11-14,0,1,1,0,0,0,0,0,1,18,0,0,BUF,0,12:47,Hurricanes,Sabres,NA
2019020299,CAR,R,2019-11-16,0,1,1,0,0,0,0,0,0,18,0,0,MIN,0,13:04,Hurricanes,Wild,NA
2019020326,CAR,R,2019-11-19,1,0,1,1,0,0,0,0,4,18,0,0,CHI,0,11:46,Hurricanes,Blackhawks,NA
2019020336,CAR,H,2019-11-21,0,0,0,-1,0,0,0,0,1,16,0,0,PHI,0,13:46,Hurricanes,Flyers,NA
2019020355,CAR,H,2019-11-23,1,0,1,1,0,0,0,0,2,18,0,0,FLA,0,13:45,Hurricanes,Panthers,NA
2019020363,CAR,R,2019-11-24,0,0,0,0,0,0,0,0,2,19,0,0,DET,0,16:53,Hurricanes,Red Wings,NA
2019020381,CAR,R,2019-11-27,0,0,0,0,0,0,0,0,1,17,0,0,NYR,0,13:04,Hurricanes,Rangers,NA
2019020401,CAR,H,2019-11-29,0,0,0,-1,0,0,0,0,0,17,0,0,NSH,0,12:43,Hurricanes,Predators,NA
2019020479,CAR,R,2019-12-10,0,0,0,0,0,0,0,0,1,17,0,0,EDM,0,13:05,Hurricanes,Oilers,NA
2019020496,CAR,R,2019-12-12,0,0,0,0,0,0,0,0,3,21,0,0,VAN,2,17:11,Hurricanes,Canucks,NA
2019020503,CAR,R,2019-12-14,0,0,0,0,0,0,0,0,0,20,0,0,CGY,4,13:18,Hurricanes,Flames,NA
2019020530,CAR,R,2019-12-17,0,0,0,-1,0,0,0,0,1,16,0,0,WPG,0,13:48,Hurricanes,Jets,NA
2019020544,CAR,R,2019-12-19,0,0,0,0,0,0,0,0,1,17,0,0,COL,0,15:17,Hurricanes,Avalanche,NA
2019020559,CAR,H,2019-12-21,0,1,1,-2,0,1,0,0,1,19,0,0,FLA,0,14:06,Hurricanes,Panthers,NA
2019020569,CAR,R,2019-12-23,2,2,4,3,1,1,0,0,2,17,0,0,TOR,0,13:20,Hurricanes,Maple Leafs,NA
2019020584,CAR,R,2019-12-27,0,0,0,-2,0,0,0,0,3,19,0,0,NYR,0,15:09,Hurricanes,Rangers,NA
2019020597,CAR,H,2019-12-28,1,0,1,1,0,0,1,0,1,23,0,0,WSH,0,12:52,Hurricanes,Capitals,NA
2019020618,CAR,H,2019-12-31,0,0,0,0,0,0,0,0,2,16,0,0,MTL,0,11:57,Hurricanes,Canadiens,NA
2019020639,CAR,H,2020-01-03,0,1,1,0,0,1,0,0,1,20,0,0,WSH,0,14:23,Hurricanes,Capitals,NA
2019020655,CAR,H,2020-01-05,0,0,0,0,0,0,0,0,1,21,0,0,TBL,0,16:27,Hurricanes,Lightning,NA
2019020668,CAR,H,2020-01-07,0,1,1,2,0,0,0,0,0,21,0,0,PHI,0,14:09,Hurricanes,Flyers,NA
2019020690,CAR,H,2020-01-10,1,0,1,1,0,0,0,0,2,21,0,0,ARI,0,16:16,Hurricanes,Coyotes,NA
2019020697,CAR,H,2020-01-11,0,0,0,0,0,0,0,0,0,19,0,0,LAK,2,13:25,Hurricanes,Kings,NA
2019020712,CAR,R,2020-01-13,0,0,0,-1,0,0,0,0,1,19,0,0,WSH,0,12:20,Hurricanes,Capitals,NA
2019020733,CAR,R,2020-01-16,1,0,1,1,0,0,0,0,2,19,0,0,CBJ,0,15:59,Hurricanes,Blue Jackets,NA
2019020741,CAR,H,2020-01-17,0,0,0,0,0,0,0,0,1,15,0,0,ANA,0,13:14,Hurricanes,Ducks,NA
2019020756,CAR,H,2020-01-19,0,0,0,-1,0,0,0,0,0,17,0,0,NYI,2,14:23,Hurricanes,Islanders,NA
2019020764,CAR,H,2020-01-21,1,0,1,1,0,0,0,0,2,17,0,0,WPG,0,14:15,Hurricanes,Jets,NA
2019020788,CAR,H,2020-01-31,0,0,0,0,0,0,0,0,0,16,0,0,VGK,0,13:33,Hurricanes,Golden Knights,NA
2019020808,CAR,H,2020-02-02,0,0,0,-1,0,0,0,0,1,18,0,0,VAN,0,15:49,Hurricanes,Canucks,NA
2019020820,CAR,R,2020-02-04,1,0,1,-1,1,1,0,0,2,19,0,0,STL,2,15:06,Hurricanes,Blues,NA
2019020838,CAR,R,2020-02-06,0,0,0,1,0,0,0,0,1,17,0,0,ARI,0,12:36,Hurricanes,Coyotes,NA
2019020854,CAR,R,2020-02-08,1,0,1,0,1,1,0,0,3,22,0,0,VGK,0,16:00,Hurricanes,Golden Knights,NA
2019020873,CAR,R,2020-02-11,0,0,0,-2,0,0,0,0,1,18,0,0,DAL,2,14:30,Hurricanes,Stars,NA
2019020894,CAR,H,2020-02-14,1,1,2,2,0,0,0,0,1,17,0,0,NJD,0,13:51,Hurricanes,Devils,NA
2019020908,CAR,H,2020-02-16,0,0,0,-1,0,0,0,0,3,20,0,0,EDM,0,16:48,Hurricanes,Oilers,NA
2019020925,CAR,R,2020-02-18,0,1,1,1,0,0,0,0,2,19,0,0,NSH,0,13:37,Hurricanes,Predators,NA
2019020942,CAR,H,2020-02-21,0,0,0,-1,0,0,0,0,0,19,0,0,NYR,0,14:04,Hurricanes,Rangers,NA
2019020951,CAR,R,2020-02-22,1,1,2,0,0,1,0,0,4,19,0,0,TOR,0,13:57,Hurricanes,Maple Leafs,NA
2019020974,CAR,H,2020-02-25,0,0,0,0,0,0,0,0,1,18,0,0,DAL,0,16:12,Hurricanes,Stars,NA
2019020996,CAR,H,2020-02-28,0,0,0,-2,0,0,0,0,0,20,0,0,COL,0,16:54,Hurricanes,Avalanche,NA
2019021004,CAR,R,2020-02-29,0,1,1,1,0,0,0,0,1,20,0,0,MTL,0,15:19,Hurricanes,Canadiens,NA
2019021037,CAR,R,2020-03-05,0,0,0,-1,0,0,0,0,0,19,0,0,PHI,0,16:26,Hurricanes,Flyers,NA
2019021049,CAR,R,2020-03-07,0,0,0,-2,0,0,0,0,2,17,0,0,NYI,0,13:21,Hurricanes,Islanders,NA
2019021059,CAR,R,2020-03-08,0,1,1,0,0,1,0,0,2,19,0,0,PIT,0,12:45,Hurricanes,Penguins,NA
2019021074,CAR,R,2020-03-10,0,0,0,0,0,0,0,0,2,16,0,0,DET,2,11:41,Hurricanes,Red Wings,NA
2020020010,CAR,R,2021-01-14,0,1,1,0,0,1,0,0,4,20,0,0,DET,0,15:56,Hurricanes,Red Wings,NA
2020020025,CAR,R,2021-01-16,0,0,0,-1,0,0,0,0,2,20,0,0,DET,0,15:03,Hurricanes,Red Wings,NA
2020020040,CAR,R,2021-01-18,0,0,0,2,0,0,0,0,0,20,0,0,NSH,0,15:08,Hurricanes,Predators,NA
2020020052,CAR,R,2021-03-02,0,1,1,1,0,0,0,0,0,23,0,0,NSH,0,16:50,Hurricanes,Predators,NA
2020020062,CAR,H,2021-02-17,0,0,0,-1,0,0,0,0,2,21,0,0,FLA,0,18:35,Hurricanes,Panthers,NA
2020020076,CAR,H,2021-03-07,0,1,1,1,0,0,0,0,0,17,0,0,FLA,0,15:19,Hurricanes,Panthers,NA
2020020097,CAR,H,2021-02-22,0,1,1,1,0,0,0,0,2,21,0,0,TBL,0,14:54,Hurricanes,Lightning,NA
2020020113,CAR,H,2021-01-28,1,0,1,1,0,0,1,1,4,22,0,0,TBL,0,19:37,Hurricanes,Lightning,NA
2020020128,CAR,H,2021-01-30,0,2,2,1,0,1,0,0,2,25,0,0,DAL,0,17:38,Hurricanes,Stars,NA
2020020138,CAR,H,2021-01-31,0,0,0,1,0,0,0,0,2,26,0,0,DAL,0,21:00,Hurricanes,Stars,NA
2020020153,CAR,R,2021-02-02,0,0,0,1,0,0,0,0,3,23,0,0,CHI,0,20:52,Hurricanes,Blackhawks,NA
2020020168,CAR,R,2021-02-04,0,1,1,1,0,0,0,0,3,21,0,0,CHI,2,17:50,Hurricanes,Blackhawks,NA
2020020238,CAR,R,2021-02-13,0,1,1,0,0,0,0,0,2,21,0,0,DAL,0,17:41,Hurricanes,Stars,NA
2020020255,CAR,H,2021-02-15,0,1,1,0,0,1,0,0,1,21,0,0,CBJ,0,16:59,Hurricanes,Blue Jackets,NA
2020020274,CAR,H,2021-02-19,1,1,2,1,1,2,0,0,5,21,0,0,CHI,2,15:20,Hurricanes,Blackhawks,NA
2020020280,CAR,H,2021-05-06,1,0,1,1,0,0,0,0,2,23,1,1,CHI,0,18:15,Hurricanes,Blackhawks,NA
2020020296,CAR,R,2021-02-24,0,0,0,-1,0,0,0,0,1,19,0,0,TBL,0,17:57,Hurricanes,Lightning,NA
2020020314,CAR,R,2021-02-25,0,0,0,-1,0,0,0,0,2,21,0,0,TBL,2,14:00,Hurricanes,Lightning,NA
2020020330,CAR,R,2021-02-27,0,0,0,0,0,0,0,0,1,22,0,0,FLA,0,17:25,Hurricanes,Panthers,NA
2020020348,CAR,R,2021-03-01,1,2,3,2,0,1,1,1,3,19,0,0,FLA,0,11:58,Hurricanes,Panthers,NA
2020020365,CAR,H,2021-03-04,1,1,2,1,0,0,0,0,3,17,0,0,DET,0,13:59,Hurricanes,Red Wings,NA
2020020404,CAR,H,2021-03-09,0,0,0,0,0,0,0,0,2,25,0,0,NSH,2,14:58,Hurricanes,Predators,NA
2020020419,CAR,H,2021-03-11,1,0,1,0,1,1,0,0,3,20,0,0,NSH,0,17:32,Hurricanes,Predators,NA
2020020442,CAR,R,2021-03-14,0,0,0,1,0,0,0,0,1,17,0,0,DET,0,18:24,Hurricanes,Red Wings,NA
2020020460,CAR,R,2021-03-16,0,1,1,-1,0,0,0,0,2,19,0,0,DET,0,19:13,Hurricanes,Red Wings,NA
2020020470,CAR,H,2021-03-18,0,1,1,0,0,1,0,0,3,23,0,0,CBJ,0,21:39,Hurricanes,Blue Jackets,NA
2020020485,CAR,H,2021-03-20,0,0,0,0,0,0,0,0,2,22,0,0,CBJ,0,22:35,Hurricanes,Blue Jackets,NA
2020020497,CAR,R,2021-03-22,1,0,1,1,0,0,0,0,4,20,0,0,CBJ,0,17:25,Hurricanes,Blue Jackets,NA
2020020518,CAR,R,2021-03-25,1,1,2,2,0,0,0,0,2,22,0,0,CBJ,0,20:11,Hurricanes,Blue Jackets,NA
2020020531,CAR,H,2021-03-27,2,2,4,2,2,2,1,0,6,25,0,0,TBL,0,23:16,Hurricanes,Lightning,NA
2020020543,CAR,H,2021-02-20,0,1,1,1,0,0,0,0,2,17,0,0,TBL,0,18:26,Hurricanes,Lightning,NA
2020020562,CAR,R,2021-03-30,0,0,0,0,0,0,0,0,0,20,0,0,CHI,0,17:20,Hurricanes,Blackhawks,NA
2020020576,CAR,R,2021-04-01,0,0,0,-1,0,0,0,0,4,20,0,0,CHI,0,17:15,Hurricanes,Blackhawks,NA
2020020588,CAR,H,2021-04-03,0,0,0,0,0,0,0,0,4,23,0,0,DAL,0,17:50,Hurricanes,Stars,NA
2020020598,CAR,H,2021-04-04,0,0,0,1,0,0,0,0,2,21,0,0,DAL,0,18:39,Hurricanes,Stars,NA
2020020615,CAR,H,2021-04-06,0,0,0,0,0,0,0,0,2,22,0,0,FLA,0,15:50,Hurricanes,Panthers,NA
2020020629,CAR,H,2021-04-08,1,1,2,2,0,0,0,0,1,22,0,0,FLA,0,16:25,Hurricanes,Panthers,NA
2020020642,CAR,H,2021-04-10,1,1,2,1,0,0,0,0,2,23,0,0,DET,0,18:38,Hurricanes,Red Wings,NA
2020020657,CAR,H,2021-04-12,0,0,0,0,0,0,0,0,1,20,0,0,DET,0,16:54,Hurricanes,Red Wings,NA
2020020678,CAR,H,2021-04-15,0,1,1,1,0,0,0,0,1,21,0,0,NSH,2,14:01,Hurricanes,Predators,NA
2020020693,CAR,H,2021-04-17,0,0,0,0,0,0,0,0,2,18,0,0,NSH,0,14:37,Hurricanes,Predators,NA
2020020706,CAR,R,2021-04-19,0,0,0,-1,0,0,0,0,2,18,0,0,TBL,0,15:06,Hurricanes,Lightning,NA
2020020718,CAR,R,2021-04-20,0,1,1,1,0,0,0,0,1,19,0,0,TBL,0,15:35,Hurricanes,Lightning,NA
2020020732,CAR,R,2021-04-22,0,3,3,2,0,1,0,0,1,27,0,2,FLA,0,18:18,Hurricanes,Panthers,NA
2020020745,CAR,R,2021-04-24,0,0,0,0,0,0,0,0,1,23,0,0,FLA,0,19:24,Hurricanes,Panthers,NA
2020020763,CAR,R,2021-04-26,0,0,0,1,0,0,0,0,3,27,0,0,DAL,0,22:52,Hurricanes,Stars,NA
2020020774,CAR,R,2021-04-27,0,0,0,0,0,0,0,0,0,20,0,0,DAL,0,15:05,Hurricanes,Stars,NA
2020020786,CAR,H,2021-04-29,0,0,0,0,0,0,0,0,2,19,0,0,DET,0,14:39,Hurricanes,Red Wings,NA
2020020800,CAR,H,2021-05-01,0,0,0,0,0,0,0,0,2,17,0,0,CBJ,0,16:24,Hurricanes,Blue Jackets,NA
2020020816,CAR,H,2021-05-03,1,0,1,2,0,0,0,0,3,18,0,0,CHI,0,16:15,Hurricanes,Blackhawks,NA
2020020827,CAR,H,2021-05-04,1,1,2,1,0,0,0,0,3,20,1,1,CHI,0,17:15,Hurricanes,Blackhawks,NA
2020020846,CAR,R,2021-05-10,0,0,0,-2,0,0,0,0,5,22,0,0,NSH,0,16:55,Hurricanes,Predators,NA
2020020861,CAR,R,2021-05-08,0,0,0,0,0,0,0,0,1,21,0,0,NSH,0,15:15,Hurricanes,Predators,NA
2021020012,CAR,H,2021-10-14,0,0,0,-2,0,0,0,0,0,20,0,0,NYI,2,14:14,Hurricanes,Islanders,NA
2021020029,CAR,R,2021-10-16,0,1,1,0,0,0,0,0,5,23,0,0,NSH,0,16:20,Hurricanes,Predators,NA
2021020052,CAR,R,2021-10-21,0,1,1,1,0,0,0,0,0,19,0,0,MTL,0,16:00,Hurricanes,Canadiens,NA
2021020073,CAR,R,2021-10-23,0,0,0,1,0,0,0,0,3,20,0,0,CBJ,0,17:41,Hurricanes,Blue Jackets,NA
2021020087,CAR,H,2021-10-25,0,0,0,0,0,0,0,0,1,20,0,0,TOR,0,16:15,Hurricanes,Maple Leafs,NA
2021020104,CAR,H,2021-10-28,0,0,0,1,0,0,0,0,0,19,0,0,BOS,0,18:00,Hurricanes,Bruins,NA
2021020114,CAR,H,2021-10-29,0,0,0,3,0,0,0,0,2,24,0,0,CHI,2,14:30,Hurricanes,Blackhawks,NA
2021020128,CAR,H,2021-10-31,1,1,2,1,0,1,0,0,4,21,0,0,ARI,0,17:04,Hurricanes,Coyotes,NA
2021020144,CAR,R,2021-11-03,1,0,1,-1,0,0,1,0,2,20,0,0,CHI,0,15:25,Hurricanes,Blackhawks,NA
2021020166,CAR,R,2021-11-06,0,0,0,-1,0,0,0,0,4,20,0,0,FLA,0,15:02,Hurricanes,Panthers,NA
2021020185,CAR,R,2021-11-09,1,0,1,0,0,0,1,1,3,24,0,0,TBL,0,21:31,Hurricanes,Lightning,NA
2021020242,CAR,R,2021-11-16,0,2,2,2,0,0,0,0,0,20,0,0,VGK,0,17:08,Hurricanes,Golden Knights,NA
2021020258,CAR,R,2021-11-18,0,1,1,1,0,0,0,0,0,20,0,0,ANA,2,19:00,Hurricanes,Ducks,NA
2021020272,CAR,R,2021-11-20,1,0,1,0,0,0,1,0,3,22,0,0,LAK,0,17:13,Hurricanes,Kings,NA
2021020286,CAR,R,2021-11-22,0,0,0,0,0,0,0,0,1,17,0,0,SJS,0,16:53,Hurricanes,Sharks,NA
2021020303,CAR,R,2021-11-24,0,0,0,-1,0,0,0,0,3,20,0,0,SEA,0,16:24,Hurricanes,Kraken,NA
2021020308,CAR,R,2021-11-26,0,1,1,1,0,0,0,0,2,23,0,0,PHI,2,19:35,Hurricanes,Flyers,NA
2021020329,CAR,H,2021-11-28,0,1,1,0,0,0,0,0,2,26,0,0,WSH,0,18:23,Hurricanes,Capitals,NA
2021020343,CAR,R,2021-11-30,0,0,0,-2,0,0,0,0,3,22,0,0,DAL,0,20:29,Hurricanes,Stars,NA
2021020357,CAR,H,2021-12-02,0,0,0,-1,0,0,0,0,4,24,0,0,OTT,0,20:55,Hurricanes,Senators,Sénateurs
2021020373,CAR,H,2021-12-04,1,0,1,1,0,0,0,0,2,21,0,0,BUF,0,14:57,Hurricanes,Sabres,NA
2021020395,CAR,R,2021-12-07,1,0,1,0,1,1,1,0,1,16,0,0,WPG,0,12:51,Hurricanes,Jets,NA
2021020407,CAR,R,2021-12-09,0,0,0,0,0,0,0,0,3,19,0,0,CGY,0,18:35,Hurricanes,Flames,NA
2021020426,CAR,R,2021-12-11,0,0,0,0,0,0,0,0,1,21,0,0,EDM,0,15:42,Hurricanes,Oilers,NA
2021020434,CAR,R,2021-12-12,1,0,1,0,0,0,0,0,2,23,0,0,VAN,2,21:24,Hurricanes,Canucks,NA
2021020445,CAR,R,2022-02-12,0,0,0,-2,0,0,0,0,2,24,0,0,MIN,2,17:30,Hurricanes,Wild,NA
2021020459,CAR,H,2021-12-16,0,2,2,2,0,0,0,0,2,26,0,0,DET,2,23:20,Hurricanes,Red Wings,NA
2021020474,CAR,H,2021-12-18,0,0,0,0,0,0,0,0,0,5,0,0,LAK,0,3:04,Hurricanes,Kings,NA
2021020485,CAR,H,2022-02-18,0,2,2,2,0,0,0,0,0,20,0,0,NSH,0,15:45,Hurricanes,Predators,NA
2021020494,CAR,R,2022-02-10,0,1,1,1,0,0,0,0,0,18,0,0,BOS,2,12:04,Hurricanes,Bruins,NA
2021020510,CAR,R,2022-02-08,0,0,0,0,0,0,0,0,2,20,0,0,OTT,0,16:10,Hurricanes,Senators,Sénateurs
2021020527,CAR,H,2022-02-16,0,0,0,0,0,0,0,0,0,23,0,0,FLA,0,15:35,Hurricanes,Panthers,NA
2021020554,CAR,H,2021-12-30,0,1,1,0,0,1,0,0,4,22,0,0,MTL,0,17:25,Hurricanes,Canadiens,NA
2021020570,CAR,R,2022-01-01,0,1,1,0,0,0,0,0,2,19,0,0,CBJ,0,16:46,Hurricanes,Blue Jackets,NA
2021020583,CAR,R,2022-02-07,0,1,1,-1,0,0,0,0,5,25,0,0,TOR,0,19:55,Hurricanes,Maple Leafs,NA
2021020612,CAR,H,2022-01-07,0,0,0,-1,0,0,0,0,2,23,0,0,CGY,0,15:06,Hurricanes,Flames,NA
2021020617,CAR,H,2022-01-08,0,0,0,0,0,0,0,0,0,16,0,0,FLA,0,13:50,Hurricanes,Panthers,NA
2021020639,CAR,R,2022-02-21,0,1,1,2,0,0,0,0,2,22,0,0,PHI,4,14:22,Hurricanes,Flyers,NA
2021020654,CAR,H,2022-01-13,0,0,0,-2,0,0,0,0,1,17,0,0,CBJ,0,15:18,Hurricanes,Blue Jackets,NA
2021020672,CAR,H,2022-01-15,1,1,2,1,0,0,0,0,1,18,0,0,VAN,0,14:30,Hurricanes,Canucks,NA
2021020724,CAR,R,2022-01-22,0,1,1,1,0,0,0,0,2,20,0,0,NJD,0,16:09,Hurricanes,Devils,NA
2021020748,CAR,H,2022-01-25,0,0,0,0,0,0,0,0,2,23,0,0,VGK,0,17:56,Hurricanes,Golden Knights,NA
2021020758,CAR,R,2022-01-27,0,0,0,0,0,0,0,0,1,24,0,0,OTT,0,18:23,Hurricanes,Senators,Sénateurs
2021020779,CAR,H,2022-01-29,0,0,0,0,0,0,0,0,3,21,0,0,NJD,0,17:31,Hurricanes,Devils,NA
2021020787,CAR,H,2022-01-30,0,0,0,0,0,0,0,0,3,15,0,0,SJS,0,13:08,Hurricanes,Sharks,NA
2021020823,CAR,H,2022-02-25,0,1,1,1,0,0,0,0,4,18,0,0,CBJ,0,15:06,Hurricanes,Blue Jackets,NA
2021020840,CAR,H,2022-02-27,0,0,0,-1,0,0,0,0,2,14,0,0,EDM,0,10:48,Hurricanes,Oilers,NA
2021020851,CAR,R,2022-03-01,0,0,0,-1,0,0,0,0,0,17,0,0,DET,0,12:49,Hurricanes,Red Wings,NA
2021020868,CAR,R,2022-03-03,0,0,0,0,0,0,0,0,2,20,0,0,WSH,0,16:56,Hurricanes,Capitals,NA
2021020876,CAR,H,2022-03-04,0,0,0,-1,0,0,0,0,1,23,0,0,PIT,2,17:10,Hurricanes,Penguins,NA
2021020892,CAR,H,2022-03-06,1,0,1,1,0,0,1,0,3,20,0,0,SEA,0,16:23,Hurricanes,Kraken,NA
2021020923,CAR,H,2022-03-10,0,0,0,0,0,0,0,0,2,21,0,0,COL,0,15:16,Hurricanes,Avalanche,NA
2021020936,CAR,H,2022-03-12,0,0,0,0,0,0,0,0,3,21,0,0,PHI,0,15:19,Hurricanes,Flyers,NA
2021020945,CAR,R,2022-03-13,0,0,0,0,0,0,0,0,0,23,0,0,PIT,0,16:49,Hurricanes,Penguins,NA
2021020968,CAR,R,2022-03-17,0,0,0,-1,0,0,0,0,0,20,0,0,TOR,0,18:28,Hurricanes,Maple Leafs,NA
2021020978,CAR,H,2022-03-18,0,0,0,-1,0,0,0,0,1,15,0,0,WSH,0,12:40,Hurricanes,Capitals,NA
2021020996,CAR,H,2022-03-20,0,0,0,0,0,0,0,0,6,19,0,0,NYR,0,17:41,Hurricanes,Rangers,NA
2021021009,CAR,H,2022-03-22,1,0,1,-1,1,1,0,0,1,20,0,0,TBL,0,15:54,Hurricanes,Lightning,NA
2021021022,CAR,H,2022-03-24,0,0,0,1,0,0,0,0,4,22,0,0,DAL,0,17:19,Hurricanes,Stars,NA
2021021039,CAR,R,2022-03-26,1,1,2,1,0,0,0,0,2,22,1,1,STL,0,18:13,Hurricanes,Blues,NA
2021021054,CAR,R,2022-03-28,2,1,3,2,0,0,1,0,4,22,0,0,WSH,2,15:58,Hurricanes,Capitals,NA
2021021060,CAR,R,2022-03-29,0,0,0,0,0,0,0,0,0,24,0,0,TBL,0,15:09,Hurricanes,Lightning,NA
2021021078,CAR,H,2022-03-31,0,0,0,0,0,0,0,0,3,17,0,0,MTL,0,14:11,Hurricanes,Canadiens,NA
2021021094,CAR,H,2022-04-02,0,0,0,-1,0,0,0,0,2,18,0,0,MIN,0,16:54,Hurricanes,Wild,NA
2021021113,CAR,R,2022-04-05,0,0,0,0,0,0,0,0,3,19,0,0,BUF,0,16:53,Hurricanes,Sabres,NA
2021021130,CAR,H,2022-04-07,0,0,0,-2,0,0,0,0,4,18,0,0,BUF,2,14:56,Hurricanes,Sabres,NA
2021021139,CAR,H,2022-04-08,0,0,0,0,0,0,0,0,1,19,0,0,NYI,2,14:31,Hurricanes,Islanders,NA
2021021159,CAR,H,2022-04-10,0,0,0,0,0,0,0,0,1,19,0,0,ANA,0,15:15,Hurricanes,Ducks,NA
2021021168,CAR,R,2022-04-12,0,0,0,0,0,0,0,0,2,22,0,0,NYR,0,15:58,Hurricanes,Rangers,NA
2021021186,CAR,H,2022-04-14,0,0,0,-1,0,0,0,0,4,23,0,0,DET,2,16:40,Hurricanes,Red Wings,NA
2021021205,CAR,R,2022-04-16,0,0,0,-2,0,0,0,0,2,20,0,0,COL,0,15:01,Hurricanes,Avalanche,NA
2021021218,CAR,R,2022-04-18,0,1,1,1,0,0,0,0,2,23,0,0,ARI,0,17:55,Hurricanes,Coyotes,NA
2021021239,CAR,H,2022-04-21,0,1,1,1,0,0,0,0,4,22,0,0,WPG,0,18:41,Hurricanes,Jets,NA
2021021254,CAR,R,2022-04-23,0,0,0,0,0,0,0,0,0,20,0,0,NJD,0,15:56,Hurricanes,Devils,NA
2021021262,CAR,R,2022-04-24,0,0,0,1,0,0,0,0,3,16,0,0,NYI,0,12:25,Hurricanes,Islanders,NA
2021021277,CAR,R,2022-04-26,0,1,1,1,0,0,0,0,2,18,0,0,NYR,2,13:00,Hurricanes,Rangers,NA
2021021294,CAR,H,2022-04-28,1,1,2,1,0,0,0,0,6,23,0,0,NJD,0,19:29,Hurricanes,Devils,NA
2021021304,CAR,R,2022-02-20,0,0,0,-1,0,0,0,0,0,20,0,0,PIT,0,11:39,Hurricanes,Penguins,NA
2022020006,CAR,H,2022-10-12,1,2,3,3,0,0,0,0,2,24,0,0,CBJ,0,17:56,Hurricanes,Blue Jackets,NA
2022020024,CAR,R,2022-10-14,1,0,1,1,0,0,0,0,3,26,0,0,SJS,0,18:14,Hurricanes,Sharks,NA
2022020047,CAR,R,2022-10-17,0,1,1,1,0,0,0,0,4,23,0,0,SEA,4,18:44,Hurricanes,Kraken,NA
2022020069,CAR,R,2022-10-20,1,1,2,-2,1,1,0,0,2,25,0,0,EDM,2,20:22,Hurricanes,Oilers,NA
2022020085,CAR,R,2022-10-22,0,0,0,-1,0,0,0,0,1,28,0,0,CGY,0,23:25,Hurricanes,Flames,NA
2022020097,CAR,R,2022-10-24,0,1,1,0,0,1,0,0,3,25,0,0,VAN,0,19:45,Hurricanes,Canucks,NA
2022020124,CAR,H,2022-10-28,1,0,1,-1,0,0,0,0,2,24,0,0,NYI,0,18:50,Hurricanes,Islanders,NA
2022020130,CAR,R,2022-10-29,1,1,2,1,0,0,0,0,5,30,0,0,PHI,0,21:26,Hurricanes,Flyers,NA
2022020145,CAR,H,2022-10-31,0,2,2,1,0,1,0,0,4,22,0,0,WSH,2,19:34,Hurricanes,Capitals,NA
2022020162,CAR,R,2022-11-03,1,0,1,-1,1,1,0,0,4,19,0,0,TBL,0,20:31,Hurricanes,Lightning,NA
2022020174,CAR,H,2022-11-04,1,2,3,1,0,1,0,0,4,21,0,0,BUF,0,16:10,Hurricanes,Sabres,NA
2022020191,CAR,H,2022-11-06,0,0,0,-2,0,0,0,0,3,25,0,0,TOR,0,17:52,Hurricanes,Maple Leafs,NA
2022020207,CAR,R,2022-11-09,0,0,0,-1,0,0,0,0,6,22,0,0,FLA,2,19:10,Hurricanes,Panthers,NA
2022020212,CAR,H,2022-11-10,0,2,2,2,0,1,0,0,1,23,0,0,EDM,0,19:43,Hurricanes,Oilers,NA
2022020233,CAR,R,2022-11-12,0,0,0,-2,0,0,0,0,2,25,0,0,COL,0,21:09,Hurricanes,Avalanche,NA
2022020245,CAR,R,2022-11-14,0,0,0,0,0,0,0,0,3,22,0,0,CHI,0,20:09,Hurricanes,Blackhawks,NA
2022020261,CAR,H,2022-11-17,1,1,2,1,0,0,0,0,6,21,0,0,COL,0,18:21,Hurricanes,Avalanche,NA
2022020283,CAR,R,2022-11-19,0,1,1,-1,0,0,0,0,2,22,0,0,MIN,0,19:16,Hurricanes,Wild,NA
2022020294,CAR,R,2022-11-21,1,0,1,2,0,0,0,0,3,23,0,0,WPG,0,20:31,Hurricanes,Jets,NA
2022020303,CAR,H,2022-11-23,0,0,0,-2,0,0,0,0,4,21,0,0,ARI,0,19:31,Hurricanes,Coyotes,NA
2022020318,CAR,R,2022-11-25,0,0,0,-1,0,0,0,0,4,23,0,0,BOS,0,21:03,Hurricanes,Bruins,NA
2022020333,CAR,H,2022-11-26,1,0,1,1,1,1,0,0,4,23,0,0,CGY,0,20:35,Hurricanes,Flames,NA
2022020352,CAR,R,2022-11-29,1,0,1,0,0,0,0,0,5,24,0,0,PIT,0,21:47,Hurricanes,Penguins,NA
2022020369,CAR,R,2022-12-01,0,1,1,1,0,0,0,0,3,22,0,0,STL,0,19:59,Hurricanes,Blues,NA
2022020391,CAR,R,2022-12-03,1,1,2,1,1,1,0,0,3,20,0,0,LAK,0,15:44,Hurricanes,Kings,NA
2022020410,CAR,R,2022-12-06,0,0,0,1,0,0,0,0,4,25,0,0,ANA,2,22:41,Hurricanes,Ducks,NA
2022020440,CAR,R,2022-12-10,0,0,0,2,0,0,0,0,3,22,0,0,NYI,0,18:05,Hurricanes,Islanders,NA
2022020460,CAR,R,2022-12-13,0,0,0,0,0,0,0,0,1,25,0,0,DET,0,23:43,Hurricanes,Red Wings,NA
2022020475,CAR,H,2022-12-15,0,0,0,0,0,0,0,0,2,20,0,0,SEA,0,18:17,Hurricanes,Kraken,NA
2022020487,CAR,H,2022-12-17,1,1,2,1,0,1,1,1,8,22,0,0,DAL,0,17:31,Hurricanes,Stars,NA
2022020498,CAR,H,2022-12-18,0,0,0,0,0,0,0,0,6,24,0,0,PIT,2,19:23,Hurricanes,Penguins,NA
2022020512,CAR,H,2022-12-20,0,0,0,0,0,0,0,0,3,20,0,0,NJD,2,17:44,Hurricanes,Devils,NA
2022020526,CAR,R,2022-12-22,1,0,1,1,0,0,0,0,6,23,0,0,PIT,2,18:54,Hurricanes,Penguins,NA
2022020535,CAR,H,2022-12-23,0,2,2,-1,0,1,0,0,3,19,0,0,PHI,0,17:38,Hurricanes,Flyers,NA
2022020548,CAR,H,2022-12-27,1,0,1,1,0,0,1,0,6,18,0,0,CHI,0,18:29,Hurricanes,Blackhawks,NA
2022020575,CAR,H,2022-12-30,0,1,1,0,0,1,0,0,2,23,0,0,FLA,2,16:55,Hurricanes,Panthers,NA
2022020590,CAR,R,2023-01-01,1,0,1,0,1,1,0,0,3,23,0,0,NJD,2,19:23,Hurricanes,Devils,NA
2022020600,CAR,R,2023-01-03,1,0,1,1,0,0,0,0,5,22,0,0,NYR,0,21:14,Hurricanes,Rangers,NA
2022020614,CAR,H,2023-01-05,0,1,1,-1,0,0,0,0,2,21,0,0,NSH,0,18:24,Hurricanes,Predators,NA
2022020629,CAR,R,2023-01-07,0,0,0,-1,0,0,0,0,3,24,0,0,CBJ,0,21:18,Hurricanes,Blue Jackets,NA
2022020650,CAR,H,2023-01-10,0,1,1,-2,0,0,0,0,2,19,0,1,NJD,0,17:21,Hurricanes,Devils,NA
2022020662,CAR,R,2023-01-12,0,0,0,0,0,0,0,0,2,19,0,0,CBJ,2,16:43,Hurricanes,Blue Jackets,NA
2022020682,CAR,H,2023-01-14,0,0,0,0,0,0,0,0,2,20,0,0,PIT,0,15:41,Hurricanes,Penguins,NA
2022020692,CAR,H,2023-01-15,0,0,0,1,0,0,0,0,1,21,0,0,VAN,0,19:05,Hurricanes,Canucks,NA
2022020721,CAR,H,2023-01-19,1,1,2,1,1,2,0,0,3,19,0,0,MIN,0,15:15,Hurricanes,Wild,NA
2022020739,CAR,R,2023-01-21,0,0,0,0,0,0,0,0,0,18,0,0,NYI,0,16:58,Hurricanes,Islanders,NA
2022020768,CAR,R,2023-01-25,1,0,1,-1,0,0,1,1,5,22,0,0,DAL,0,19:02,Hurricanes,Stars,NA
2022020783,CAR,H,2023-01-27,2,0,2,2,0,0,1,1,5,19,0,0,SJS,0,17:55,Hurricanes,Sharks,NA
2022020799,CAR,H,2023-01-29,0,1,1,0,0,1,0,0,1,20,0,0,BOS,0,16:15,Hurricanes,Bruins,NA
2022020802,CAR,H,2023-01-31,0,1,1,0,0,1,0,0,1,24,0,0,LAK,0,21:57,Hurricanes,Kings,NA
2022020805,CAR,R,2023-02-01,0,1,1,1,0,0,0,0,3,17,0,0,BUF,0,14:04,Hurricanes,Sabres,NA
2022020841,CAR,H,2023-02-11,0,0,0,-1,0,0,0,0,1,21,0,0,NYR,0,17:06,Hurricanes,Rangers,NA
2022020855,CAR,R,2023-02-14,0,0,0,-1,0,0,0,0,1,19,0,0,WSH,2,16:44,Hurricanes,Capitals,NA
2022020871,CAR,H,2023-02-16,0,1,1,1,0,0,0,0,2,17,0,0,MTL,0,14:23,Hurricanes,Canadiens,NA
2022020889,CAR,H,2023-02-18,1,2,3,2,1,1,0,0,4,19,0,0,WSH,0,15:03,Hurricanes,Capitals,NA
2022020911,CAR,H,2023-02-21,0,0,0,0,0,0,0,0,1,16,0,0,STL,0,15:29,Hurricanes,Blues,NA
2022020933,CAR,H,2023-02-24,1,0,1,1,0,0,0,0,1,21,0,0,OTT,2,14:32,Hurricanes,Senators,Sénateurs
2022020938,CAR,H,2023-02-25,0,0,0,0,0,0,0,0,3,19,0,0,ANA,0,19:29,Hurricanes,Ducks,NA
2022020972,CAR,R,2023-03-01,1,0,1,0,0,0,0,0,3,19,0,0,VGK,2,17:52,Hurricanes,Golden Knights,NA
2022020986,CAR,R,2023-03-03,1,2,3,0,1,3,0,0,5,17,0,0,ARI,0,15:48,Hurricanes,Coyotes,NA
2022021001,CAR,H,2023-03-05,0,3,3,1,0,2,0,0,2,17,0,0,TBL,0,15:46,Hurricanes,Lightning,NA
2022021012,CAR,R,2023-03-07,0,0,0,-1,0,0,0,0,4,21,0,0,MTL,0,20:50,Hurricanes,Canadiens,NA
2022021030,CAR,H,2023-03-09,0,1,1,0,0,1,0,0,2,20,0,0,PHI,0,21:00,Hurricanes,Flyers,NA
2022021046,CAR,H,2023-03-11,0,0,0,-1,0,0,0,0,4,19,0,0,VGK,0,14:23,Hurricanes,Golden Knights,NA
2022021055,CAR,R,2023-03-12,0,0,0,-1,0,0,0,0,1,18,0,0,NJD,0,16:37,Hurricanes,Devils,NA
2022021068,CAR,H,2023-03-14,0,1,1,3,0,0,0,0,1,18,0,0,WPG,0,18:09,Hurricanes,Jets,NA
2022021092,CAR,R,2023-03-17,1,0,1,-2,0,0,0,0,2,21,0,0,TOR,0,17:38,Hurricanes,Maple Leafs,NA
2022021099,CAR,R,2023-03-18,1,1,2,0,1,1,0,0,5,22,0,0,PHI,0,17:08,Hurricanes,Flyers,NA
2022021120,CAR,R,2023-03-21,0,0,0,-1,0,0,0,0,3,19,0,0,NYR,0,15:50,Hurricanes,Rangers,NA
2022021138,CAR,H,2023-03-23,0,1,1,-1,0,0,0,0,2,18,0,0,NYR,0,19:11,Hurricanes,Rangers,NA
2022021160,CAR,H,2023-03-25,0,2,2,-1,0,1,0,0,2,21,0,0,TOR,0,19:20,Hurricanes,Maple Leafs,NA
2022021166,CAR,H,2023-03-26,0,1,1,1,0,0,0,0,2,25,0,0,BOS,0,20:35,Hurricanes,Bruins,NA
2022021179,CAR,H,2023-03-28,0,0,0,-3,0,0,0,0,2,21,0,0,TBL,0,18:00,Hurricanes,Lightning,NA
2022021195,CAR,R,2023-03-30,0,0,0,-1,0,0,0,0,4,22,0,0,DET,2,17:41,Hurricanes,Red Wings,NA
2022021207,CAR,R,2023-04-01,0,0,0,0,0,0,0,0,1,15,0,0,MTL,0,14:32,Hurricanes,Canadiens,NA
2022021219,CAR,H,2023-04-02,0,0,0,0,0,0,0,0,4,20,0,0,NYI,0,17:02,Hurricanes,Islanders,NA
2022021232,CAR,H,2023-04-04,1,0,1,1,0,0,1,1,5,25,0,0,OTT,0,21:36,Hurricanes,Senators,Sénateurs
2022021250,CAR,R,2023-04-06,0,0,0,0,0,0,0,0,2,17,0,0,NSH,0,15:18,Hurricanes,Predators,NA
2022021257,CAR,R,2023-04-08,0,0,0,0,0,0,0,0,0,21,0,0,BUF,0,18:16,Hurricanes,Sabres,NA
2022021276,CAR,R,2023-04-10,0,2,2,1,0,1,0,0,2,20,0,0,OTT,0,20:08,Hurricanes,Senators,Sénateurs
2022021288,CAR,H,2023-04-11,0,0,0,1,0,0,0,0,2,16,0,0,DET,0,17:27,Hurricanes,Red Wings,NA
2022021299,CAR,R,2023-04-13,0,0,0,-1,0,0,0,0,2,22,0,0,FLA,0,17:13,Hurricanes,Panthers,NA
2023020004,CAR,H,2023-10-11,0,1,1,0,0,0,0,0,2,25,0,0,OTT,2,17:20,Hurricanes,Senators,Sénateurs
2023020032,CAR,R,2023-10-14,0,0,0,-1,0,0,0,0,2,21,0,0,LAK,0,16:12,Hurricanes,Kings,NA
2023020034,CAR,R,2023-10-15,1,0,1,-2,1,1,0,0,2,17,0,0,ANA,0,19:39,Hurricanes,Ducks,NA
2023020047,CAR,R,2023-10-17,1,1,2,1,0,1,0,0,4,23,0,0,SJS,0,20:23,Hurricanes,Sharks,NA
2023020060,CAR,R,2023-10-19,0,1,1,-3,0,1,0,0,4,25,0,0,SEA,0,18:28,Hurricanes,Kraken,NA
2023020076,CAR,R,2023-10-21,0,1,1,-1,0,0,0,0,2,22,0,0,COL,0,20:24,Hurricanes,Avalanche,NA
2023020086,CAR,R,2023-10-24,0,0,0,-1,0,0,0,0,2,19,0,0,TBL,2,20:19,Hurricanes,Lightning,NA
2023020101,CAR,H,2023-10-26,2,1,3,2,0,0,1,1,6,24,0,0,SEA,0,20:54,Hurricanes,Kraken,NA
2023020112,CAR,H,2023-10-27,0,0,0,0,0,0,0,0,2,20,0,0,SJS,0,20:21,Hurricanes,Sharks,NA
2023020131,CAR,R,2023-10-30,0,0,0,-1,0,0,0,0,3,14,0,0,PHI,0,12:10,Hurricanes,Flyers,NA
2023020148,CAR,R,2023-11-02,0,0,0,0,0,0,0,0,2,17,0,0,NYR,2,17:25,Hurricanes,Rangers,NA
2023020167,CAR,R,2023-11-04,0,1,1,0,0,0,0,0,1,17,0,0,NYI,0,14:23,Hurricanes,Islanders,NA
2023020180,CAR,H,2023-11-07,1,0,1,1,0,0,1,1,2,22,0,0,BUF,0,21:09,Hurricanes,Sabres,NA
2023020205,CAR,R,2023-11-10,0,0,0,-2,0,0,0,0,1,20,0,0,FLA,0,16:25,Hurricanes,Panthers,NA
2023020214,CAR,R,2023-11-11,0,1,1,0,0,1,0,0,1,17,0,0,TBL,0,16:58,Hurricanes,Lightning,NA
2023020238,CAR,H,2023-11-15,0,0,0,-2,0,0,0,0,2,24,0,0,PHI,0,19:24,Hurricanes,Flyers,NA
2023020259,CAR,H,2023-11-18,0,0,0,0,0,0,0,0,3,19,0,0,PIT,0,16:43,Hurricanes,Penguins,NA
2023020279,CAR,H,2023-11-22,1,0,1,0,0,0,0,0,2,19,0,0,EDM,2,18:55,Hurricanes,Oilers,NA
2023020303,CAR,H,2023-11-24,0,0,0,-1,0,0,0,0,1,18,0,0,TBL,0,16:54,Hurricanes,Lightning,NA
2023020318,CAR,H,2023-11-26,0,1,1,0,0,0,0,0,6,19,0,0,CBJ,0,16:34,Hurricanes,Blue Jackets,NA
2023020328,CAR,R,2023-11-28,0,0,0,0,0,0,0,0,0,20,0,0,PHI,0,17:47,Hurricanes,Flyers,NA
2023020341,CAR,H,2023-11-30,0,1,1,1,0,0,0,0,4,22,0,0,NYI,0,16:39,Hurricanes,Islanders,NA
2023020360,CAR,H,2023-12-02,0,2,2,1,0,0,0,0,2,16,0,0,BUF,0,12:58,Hurricanes,Sabres,NA
2023020377,CAR,R,2023-12-04,1,0,1,1,0,0,0,0,3,16,0,0,WPG,2,14:49,Hurricanes,Jets,NA
2023020391,CAR,R,2023-12-06,0,0,0,-1,0,0,0,0,2,21,0,0,EDM,0,17:40,Hurricanes,Oilers,NA
2023020401,CAR,R,2023-12-07,0,1,1,-1,0,0,0,0,1,21,0,0,CGY,0,21:12,Hurricanes,Flames,NA
2023020419,CAR,R,2023-12-09,0,0,0,-1,0,0,0,0,2,20,0,0,VAN,0,16:35,Hurricanes,Canucks,NA
2023020433,CAR,R,2023-12-12,1,0,1,1,1,1,0,0,2,26,0,0,OTT,4,20:36,Hurricanes,Senators,Sénateurs
2023020447,CAR,R,2023-12-14,0,1,1,0,0,0,0,0,3,23,0,0,DET,2,20:40,Hurricanes,Red Wings,NA
2023020455,CAR,H,2023-12-15,1,1,2,-1,0,1,0,0,2,24,0,0,NSH,0,16:31,Hurricanes,Predators,NA
2023020475,CAR,H,2023-12-17,0,0,0,-1,0,0,0,0,6,27,0,0,WSH,0,22:08,Hurricanes,Capitals,NA
2023020486,CAR,H,2023-12-19,0,0,0,-1,0,0,0,0,3,17,0,0,VGK,2,14:11,Hurricanes,Golden Knights,NA
2023020503,CAR,R,2023-12-21,0,0,0,0,0,0,0,0,3,17,0,0,PIT,0,15:22,Hurricanes,Penguins,NA
2023020516,CAR,H,2023-12-23,0,2,2,-1,0,1,0,0,4,24,0,0,NYI,2,18:58,Hurricanes,Islanders,NA
2023020535,CAR,R,2023-12-27,0,0,0,0,0,0,0,0,2,21,0,0,NSH,0,16:53,Hurricanes,Predators,NA
2023020542,CAR,H,2023-12-28,0,0,0,-1,0,0,0,0,0,14,0,0,MTL,0,10:58,Hurricanes,Canadiens,NA
2023020561,CAR,R,2023-12-30,0,0,0,0,0,0,0,0,0,19,0,0,TOR,2,12:44,Hurricanes,Maple Leafs,NA
2023020575,CAR,R,2024-01-02,0,1,1,1,0,0,0,0,0,20,0,0,NYR,2,17:03,Hurricanes,Rangers,NA
2023020702,CAR,H,2024-01-19,1,1,2,2,0,0,0,0,6,21,0,0,DET,0,18:52,Hurricanes,Red Wings,NA
2023020719,CAR,H,2024-01-21,1,0,1,-1,0,0,0,0,5,20,0,0,MIN,0,17:45,Hurricanes,Wild,NA
2023020741,CAR,R,2024-01-24,1,0,1,0,1,1,0,0,9,22,0,0,BOS,0,18:58,Hurricanes,Bruins,NA
2023020746,CAR,H,2024-01-25,0,0,0,-1,0,0,0,0,2,22,0,0,NJD,2,18:54,Hurricanes,Devils,NA
2023020763,CAR,H,2024-01-27,1,0,1,1,1,1,0,0,4,20,0,0,ARI,2,17:54,Hurricanes,Coyotes,NA
2023020785,CAR,H,2024-02-06,0,0,0,0,0,0,0,0,4,19,0,0,VAN,0,17:27,Hurricanes,Canucks,NA
2023020799,CAR,H,2024-02-08,3,0,3,2,0,0,1,0,5,20,0,0,COL,0,15:43,Hurricanes,Avalanche,NA
2023020810,CAR,H,2024-02-10,0,1,1,1,0,0,0,0,1,23,0,0,NJD,2,18:56,Hurricanes,Devils,NA
2023020830,CAR,R,2024-02-13,0,0,0,-2,0,0,0,0,5,19,0,0,DAL,0,18:43,Hurricanes,Stars,NA
2023020849,CAR,R,2024-02-16,0,2,2,1,0,0,0,0,1,18,0,0,ARI,0,15:18,Hurricanes,Coyotes,NA
2023020862,CAR,R,2024-02-17,0,1,1,1,0,0,0,0,3,20,0,0,VGK,2,16:18,Hurricanes,Golden Knights,NA
2023020874,CAR,H,2024-02-19,1,1,2,2,0,0,0,0,2,21,0,0,CHI,0,15:09,Hurricanes,Blackhawks,NA
2023020889,CAR,H,2024-02-22,0,0,0,0,0,0,0,0,3,17,0,0,FLA,0,14:49,Hurricanes,Panthers,NA
2023020907,CAR,H,2024-02-24,0,0,0,-1,0,0,0,0,4,20,0,0,DAL,0,18:29,Hurricanes,Stars,NA
2023020918,CAR,R,2024-02-25,1,1,2,1,1,1,0,0,4,22,0,0,BUF,0,19:04,Hurricanes,Sabres,NA
2023020932,CAR,R,2024-02-27,0,0,0,0,0,0,0,0,3,19,0,0,MIN,0,17:08,Hurricanes,Wild,NA
2023020942,CAR,R,2024-02-29,0,0,0,-1,0,0,0,0,3,17,0,0,CBJ,0,17:08,Hurricanes,Blue Jackets,NA
2023020956,CAR,H,2024-03-02,1,0,1,-1,0,0,0,0,3,22,0,0,WPG,0,15:55,Hurricanes,Jets,NA
2023020994,CAR,H,2024-03-07,0,1,1,1,0,0,0,0,7,22,0,0,MTL,2,17:44,Hurricanes,Canadiens,NA
2023021011,CAR,R,2024-03-09,1,0,1,0,1,1,0,0,4,20,0,0,NJD,2,16:29,Hurricanes,Devils,NA
2023021024,CAR,H,2024-03-10,0,0,0,0,0,0,0,0,6,19,0,0,CGY,0,17:14,Hurricanes,Flames,NA
2023021032,CAR,H,2024-03-12,0,0,0,0,0,0,0,0,1,20,0,0,NYR,0,18:49,Hurricanes,Rangers,NA
2023021046,CAR,H,2024-03-14,1,0,1,2,0,0,0,0,3,21,0,0,FLA,2,18:21,Hurricanes,Panthers,NA
2023021067,CAR,R,2024-03-16,0,0,0,1,0,0,0,0,6,23,0,0,TOR,0,20:07,Hurricanes,Maple Leafs,NA
2023021077,CAR,R,2024-03-17,0,1,1,1,0,0,0,0,3,18,0,0,OTT,0,16:44,Hurricanes,Senators,Sénateurs
2023021087,CAR,R,2024-03-19,1,0,1,-1,1,1,0,0,4,21,0,0,NYI,2,17:49,Hurricanes,Islanders,NA
2023021099,CAR,H,2024-03-21,0,1,1,0,0,0,0,0,1,25,0,0,PHI,0,21:19,Hurricanes,Flyers,NA
2023021109,CAR,R,2024-03-22,0,2,2,1,0,0,0,0,3,23,0,0,WSH,0,20:23,Hurricanes,Capitals,NA
2023021127,CAR,H,2024-03-24,0,0,0,0,0,0,0,0,5,17,0,0,TOR,0,12:31,Hurricanes,Maple Leafs,NA
2023021138,CAR,R,2024-03-26,0,0,0,-3,0,0,0,0,1,21,0,0,PIT,0,16:38,Hurricanes,Penguins,NA
2023021150,CAR,H,2024-03-28,1,0,1,1,0,0,0,0,5,20,0,0,DET,2,15:37,Hurricanes,Red Wings,NA
2023021172,CAR,R,2024-03-30,0,0,0,0,0,0,0,0,2,19,0,0,MTL,0,15:26,Hurricanes,Canadiens,NA
2023021202,CAR,H,2024-04-04,0,0,0,0,0,0,0,0,3,18,0,0,BOS,0,15:56,Hurricanes,Bruins,NA
2023021212,CAR,H,2024-04-05,1,0,1,0,1,1,0,0,4,20,0,0,WSH,0,15:35,Hurricanes,Capitals,NA
2023021230,CAR,H,2024-04-07,0,0,0,1,0,0,0,0,2,15,0,0,CBJ,0,18:37,Hurricanes,Blue Jackets,NA
2023021239,CAR,R,2024-04-09,0,0,0,-1,0,0,0,0,1,20,0,0,BOS,0,14:10,Hurricanes,Bruins,NA
2023021265,CAR,R,2024-04-12,0,0,0,-1,0,0,0,0,1,19,0,0,STL,0,16:12,Hurricanes,Blues,NA
2023021285,CAR,R,2024-04-14,0,0,0,-1,0,0,0,0,6,18,0,0,CHI,0,15:46,Hurricanes,Blackhawks,NA
2023021296,CAR,R,2024-04-16,0,0,0,-1,0,0,0,0,7,17,0,0,CBJ,0,17:45,Hurricanes,Blue Jackets,NA
2024020020,CAR,H,2024-10-11,0,0,0,0,0,0,0,0,0,21,0,0,TBL,0,18:49,Hurricanes,Lightning,NA
2024020029,CAR,R,2025-01-07,0,0,0,0,0,0,0,0,2,20,0,0,TBL,0,15:55,Hurricanes,Lightning,NA
2024020050,CAR,H,2024-10-15,0,1,1,1,0,0,0,0,0,16,0,0,NJD,0,15:08,Hurricanes,Devils,NA
2024020072,CAR,R,2024-10-18,1,1,2,0,1,2,1,0,2,16,0,0,PIT,0,15:48,Hurricanes,Penguins,NA
2024020084,CAR,R,2024-10-19,0,0,0,-2,0,0,0,0,3,18,0,0,STL,0,17:23,Hurricanes,Blues,NA
2024020103,CAR,R,2024-10-22,1,2,3,2,0,1,0,0,3,22,0,0,EDM,0,19:50,Hurricanes,Oilers,NA
2024020114,CAR,R,2024-10-24,1,1,2,2,0,1,1,0,6,26,0,0,CGY,0,18:29,Hurricanes,Flames,NA
2024020135,CAR,R,2024-10-26,0,1,1,0,0,1,0,0,1,20,0,0,SEA,0,19:32,Hurricanes,Kraken,NA
2024020146,CAR,R,2024-10-28,1,1,2,1,0,0,0,0,1,21,0,0,VAN,0,17:18,Hurricanes,Canucks,NA
2024020165,CAR,H,2024-10-31,1,3,4,2,1,3,0,0,2,21,0,0,BOS,0,19:00,Hurricanes,Bruins,NA
2024020188,CAR,H,2024-11-03,1,2,3,3,0,0,0,0,3,19,0,0,WSH,2,17:27,Hurricanes,Capitals,NA
2024020197,CAR,H,2024-11-05,1,1,2,0,0,0,1,0,5,19,0,0,PHI,0,16:47,Hurricanes,Flyers,NA
2024020214,CAR,H,2024-11-07,0,1,1,1,0,0,0,0,1,15,0,0,PIT,0,13:47,Hurricanes,Penguins,NA
2024020233,CAR,R,2024-11-09,1,1,2,-1,1,1,0,0,2,20,0,0,COL,0,17:57,Hurricanes,Avalanche,NA
2024020244,CAR,R,2024-11-11,0,1,1,2,0,0,0,0,3,22,0,0,VGK,2,18:53,Hurricanes,Golden Knights,NA
2024020254,CAR,R,2024-11-13,1,0,1,-4,1,1,0,0,4,22,0,0,UTA,0,22:31,Hurricanes,Utah Hockey Club,Club de hockey de l'Utah
2024020280,CAR,H,2024-11-16,0,1,1,0,0,1,0,0,3,21,0,0,OTT,0,19:01,Hurricanes,Senators,Sénateurs
2024020284,CAR,H,2024-11-17,2,2,4,3,0,1,0,0,3,19,0,0,STL,0,16:20,Hurricanes,Blues,NA
2024020302,CAR,R,2024-11-20,0,0,0,-1,0,0,0,0,4,18,0,0,PHI,0,16:41,Hurricanes,Flyers,NA
2024020309,CAR,R,2024-11-21,0,1,1,0,0,1,0,0,2,19,0,0,NJD,0,20:40,Hurricanes,Devils,NA
2024020328,CAR,R,2024-11-23,0,2,2,-1,0,1,0,0,0,24,0,0,CBJ,0,20:16,Hurricanes,Blue Jackets,NA
2024020339,CAR,H,2024-11-25,1,1,2,0,1,2,1,0,3,22,0,0,DAL,0,16:33,Hurricanes,Stars,NA
2024020349,CAR,H,2024-11-27,0,2,2,0,0,1,0,0,2,21,0,0,NYR,0,19:54,Hurricanes,Rangers,NA
2024020367,CAR,H,2024-11-29,0,0,0,-1,0,0,0,0,2,22,0,0,FLA,0,22:18,Hurricanes,Panthers,NA
2024020377,CAR,R,2024-11-30,0,0,0,-1,0,0,0,0,5,20,0,0,FLA,2,17:04,Hurricanes,Panthers,NA
2024020401,CAR,H,2024-12-03,1,1,2,0,1,1,0,0,1,20,0,0,SEA,0,17:55,Hurricanes,Kraken,NA
2024020415,CAR,H,2024-12-05,1,1,2,1,1,1,1,0,2,23,0,0,COL,0,19:48,Hurricanes,Avalanche,NA
2024020428,CAR,R,2024-12-07,0,1,1,-2,0,0,0,0,4,21,0,0,NYI,0,22:09,Hurricanes,Islanders,NA
2024020448,CAR,H,2024-12-10,0,1,1,0,0,0,0,0,3,18,0,0,SJS,0,20:01,Hurricanes,Sharks,NA
2024020473,CAR,H,2024-12-13,0,0,0,-3,0,0,0,0,3,23,0,0,OTT,2,20:54,Hurricanes,Senators,Sénateurs
2024020491,CAR,H,2024-12-15,0,1,1,1,0,0,0,0,1,16,0,0,CBJ,0,16:40,Hurricanes,Blue Jackets,NA
2024020500,CAR,H,2024-12-17,0,0,0,0,0,0,0,0,0,19,0,0,NYI,0,17:12,Hurricanes,Islanders,NA
2024020524,CAR,R,2024-12-20,0,0,0,-1,0,0,0,0,3,21,0,0,WSH,0,21:07,Hurricanes,Capitals,NA
2024020539,CAR,R,2024-12-22,0,0,0,0,0,0,0,0,1,16,0,0,NYR,0,17:27,Hurricanes,Rangers,NA
2024020553,CAR,R,2024-12-23,0,0,0,-1,0,0,0,0,4,19,0,0,NSH,0,17:16,Hurricanes,Predators,NA
2024020560,CAR,R,2024-12-27,0,0,0,0,0,0,0,0,1,19,0,0,NJD,0,17:38,Hurricanes,Devils,NA
2024020573,CAR,H,2024-12-28,0,0,0,-1,0,0,0,0,2,20,0,0,NJD,0,18:02,Hurricanes,Devils,NA
2024020594,CAR,R,2024-12-31,0,1,1,1,0,1,0,0,4,21,0,0,CBJ,0,20:59,Hurricanes,Blue Jackets,NA
2024020603,CAR,R,2025-01-02,1,0,1,1,0,0,0,0,5,22,0,0,FLA,2,17:15,Hurricanes,Panthers,NA
2024020624,CAR,H,2025-01-04,0,0,0,-1,0,0,0,0,0,18,0,0,MIN,0,15:05,Hurricanes,Wild,NA
2024020634,CAR,H,2025-01-05,0,1,1,0,0,0,0,0,2,19,0,0,PIT,0,15:13,Hurricanes,Penguins,NA
2024020659,CAR,H,2025-01-09,0,1,1,0,0,0,0,0,3,17,0,0,TOR,0,16:58,Hurricanes,Maple Leafs,NA
2024020666,CAR,H,2025-01-10,0,0,0,0,0,0,0,0,1,15,0,0,VAN,0,13:26,Hurricanes,Canucks,NA
2024020687,CAR,H,2025-01-12,0,2,2,0,0,1,0,0,1,20,0,0,ANA,0,20:49,Hurricanes,Ducks,NA
2024020705,CAR,R,2025-01-15,1,0,1,1,0,0,0,0,1,19,0,0,BUF,0,19:33,Hurricanes,Sabres,NA
2024020721,CAR,H,2025-01-17,0,0,0,0,0,0,0,0,0,17,0,0,VGK,0,17:25,Hurricanes,Golden Knights,NA
2024020746,CAR,R,2025-01-20,0,1,1,0,0,0,0,0,4,20,0,0,CHI,0,17:00,Hurricanes,Blackhawks,NA
2024020753,CAR,R,2025-01-21,0,1,1,1,0,0,0,0,1,16,0,0,DAL,0,16:22,Hurricanes,Stars,NA
2024020764,CAR,H,2025-01-23,0,2,2,1,0,1,0,0,4,16,0,0,CBJ,0,16:28,Hurricanes,Blue Jackets,NA
2024020776,COL,R,2025-01-25,0,0,0,-3,0,0,0,0,2,23,0,0,BOS,0,25:08,Avalanche,Bruins,NA
2024020789,COL,R,2025-01-26,0,2,2,-1,0,1,0,0,3,21,0,0,NYR,0,19:34,Avalanche,Rangers,NA
2024020803,COL,R,2025-01-28,0,2,2,0,0,0,0,0,2,26,0,0,NYI,0,24:42,Avalanche,Islanders,NA
2024020824,COL,H,2025-01-31,1,0,1,1,0,0,0,0,4,19,0,0,STL,0,20:53,Avalanche,Blues,NA
2024020836,COL,H,2025-02-02,0,0,0,0,0,0,0,0,4,22,0,0,PHI,0,24:51,Avalanche,Flyers,NA
2024020855,COL,R,2025-02-04,0,0,0,-1,0,0,0,0,3,20,0,0,VAN,0,21:10,Avalanche,Canucks,NA
2024020868,COL,R,2025-02-06,2,1,3,3,1,1,1,0,8,24,0,0,CGY,0,24:15,Avalanche,Flames,NA
2024020874,COL,R,2025-02-07,1,0,1,2,0,0,1,0,3,24,0,0,EDM,2,23:54,Avalanche,Oilers,NA
2024020898,COL,R,2025-02-22,0,0,0,-1,0,0,0,0,1,24,0,0,NSH,0,22:30,Avalanche,Predators,NA
2024020910,COL,R,2025-02-23,0,0,0,0,0,0,0,0,0,20,0,0,STL,0,22:03,Avalanche,Blues,NA
2024020931,COL,H,2025-02-26,0,3,3,1,0,2,0,0,2,21,0,0,NJD,0,22:08,Avalanche,Devils,NA
2024020947,COL,H,2025-02-28,0,1,1,0,0,1,0,0,3,19,0,0,MIN,0,18:43,Avalanche,Wild,NA
2024020980,COL,H,2025-03-04,0,0,0,0,0,0,0,0,2,17,0,0,PIT,0,15:23,Avalanche,Penguins,NA
2024020996,COL,H,2025-03-06,1,1,2,3,1,2,1,0,3,17,0,0,SJS,2,16:38,Avalanche,Sharks,NA
2024021007,COL,H,2025-03-08,0,1,1,-1,0,1,0,0,6,21,0,0,TOR,0,21:36,Avalanche,Maple Leafs,NA
2024021023,COL,H,2025-03-10,1,0,1,2,0,0,0,0,1,21,0,0,CHI,0,19:21,Avalanche,Blackhawks,NA
2024021030,COL,R,2025-03-11,0,0,0,-1,0,0,0,0,2,21,0,0,MIN,0,22:48,Avalanche,Wild,NA
2024021052,COL,R,2025-03-14,0,0,0,0,0,0,0,0,1,20,0,0,CGY,0,18:26,Avalanche,Flames,NA
2024021067,COL,H,2025-03-16,1,0,1,0,1,1,0,0,8,22,0,0,DAL,0,20:48,Avalanche,Stars,NA
2024021087,COL,R,2025-03-19,0,0,0,-1,0,0,0,0,4,19,0,0,TOR,0,20:42,Avalanche,Maple Leafs,NA
2024021089,COL,R,2025-03-20,0,1,1,1,0,0,0,0,3,18,0,0,OTT,0,17:23,Avalanche,Senators,Sénateurs
2024021112,COL,R,2025-03-22,1,0,1,1,1,1,0,0,3,19,0,0,MTL,0,17:56,Avalanche,Canadiens,NA
2024021136,COL,H,2025-03-25,0,2,2,-1,0,2,0,0,2,20,0,0,DET,0,17:09,Avalanche,Red Wings,NA
2024021149,COL,H,2025-03-27,2,1,3,1,1,2,0,0,4,21,0,0,LAK,0,18:14,Avalanche,Kings,NA
2024021161,COL,H,2025-03-29,0,0,0,-1,0,0,0,0,0,19,0,0,STL,0,18:01,Avalanche,Blues,NA
2024021180,COL,H,2025-03-31,0,0,0,0,0,0,0,0,2,20,0,0,CGY,0,20:26,Avalanche,Flames,NA
2024021195,COL,R,2025-04-02,1,0,1,0,0,0,0,0,4,18,0,0,CHI,0,22:35,Avalanche,Blackhawks,NA
2024021256,COL,H,2025-04-10,0,0,0,-3,0,0,0,0,1,23,0,0,VAN,2,18:03,Avalanche,Canucks,NA
2024021267,COL,R,2025-04-12,0,1,1,-1,0,1,0,0,0,19,0,0,LAK,0,18:18,Avalanche,Kings,NA
2024021284,COL,R,2025-04-13,0,1,1,1,0,0,0,0,0,19,0,0,ANA,0,21:12,Avalanche,Ducks,NA
2025020003,COL,R,2025-10-07,2,0,2,2,1,1,0,0,3,22,0,0,LAK,0,21:12,Avalanche,Kings,NA
2025020018,COL,H,2025-10-09,0,1,1,0,0,1,0,0,0,22,0,0,UTA,0,21:20,Avalanche,Mammoth,NA
2025020034,COL,H,2025-10-11,1,2,3,2,0,1,0,0,3,27,0,0,DAL,0,23:11,Avalanche,Stars,NA
2025020039,COL,R,2025-10-13,0,2,2,2,0,0,0,0,3,19,0,0,BUF,0,18:27,Avalanche,Sabres,NA
2025020067,COL,R,2025-10-16,0,1,1,1,0,0,0,0,0,22,0,0,CBJ,2,19:51,Avalanche,Blue Jackets,NA
2025020085,COL,H,2025-10-18,1,0,1,3,0,0,0,0,5,20,0,0,BOS,0,21:24,Avalanche,Bruins,NA
2025020107,COL,R,2025-10-21,1,0,1,-1,0,0,0,0,2,28,0,0,UTA,0,22:04,Avalanche,Mammoth,NA
2025020121,COL,H,2025-10-23,1,0,1,-1,0,0,0,0,3,26,0,0,CAR,2,21:25,Avalanche,Hurricanes,NA
2025020128,COL,R,2025-10-25,0,0,0,1,0,0,0,0,1,23,0,0,BOS,2,20:59,Avalanche,Bruins,NA
2025020140,COL,R,2025-10-26,0,0,0,-1,0,0,0,0,0,25,0,0,NJD,0,23:55,Avalanche,Devils,NA
2025020161,COL,H,2025-10-28,1,0,1,-1,1,1,0,0,2,23,0,0,NJD,2,19:53,Avalanche,Devils,NA
2025020178,COL,R,2025-10-31,1,2,3,3,0,0,0,0,2,24,0,0,VGK,0,19:57,Avalanche,Golden Knights,NA
2025020184,COL,R,2025-11-01,1,0,1,-1,0,0,0,0,4,23,0,0,SJS,0,22:33,Avalanche,Sharks,NA
2025020209,COL,H,2025-11-04,0,1,1,-1,0,1,0,0,3,23,0,0,TBL,0,21:02,Avalanche,Lightning,NA
2025020240,COL,R,2025-11-08,0,0,0,4,0,0,0,0,1,20,0,0,EDM,2,19:55,Avalanche,Oilers,NA
2025020250,COL,R,2025-11-09,0,1,1,-2,0,1,0,0,4,22,0,0,VAN,0,19:49,Avalanche,Canucks,NA
2025020262,COL,H,2025-11-11,1,0,1,1,1,1,0,0,1,20,0,0,ANA,2,20:56,Avalanche,Ducks,NA
2025020275,COL,H,2025-11-13,2,2,4,4,0,0,0,0,2,23,0,0,BUF,0,21:37,Avalanche,Sabres,NA
2025020300,COL,H,2025-11-16,1,0,1,1,0,0,0,0,3,22,0,0,NYI,2,19:09,Avalanche,Islanders,NA
2025020326,COL,H,2025-11-20,0,3,3,3,0,0,0,0,3,25,0,0,NYR,0,26:22,Avalanche,Rangers,NA
2025020343,COL,R,2025-11-22,0,0,0,0,0,0,0,0,1,19,0,0,NSH,2,17:46,Avalanche,Predators,NA
2025020350,COL,R,2025-11-23,0,0,0,0,0,0,0,0,0,23,0,0,CHI,0,21:35,Avalanche,Blackhawks,NA
2025020371,COL,H,2025-11-26,0,2,2,2,0,0,0,0,3,19,0,0,SJS,0,18:36,Avalanche,Sharks,NA
2025020378,COL,R,2025-11-28,0,0,0,1,0,0,0,0,1,23,0,0,MIN,0,21:35,Avalanche,Wild,NA
2025020392,COL,H,2025-11-29,0,3,3,2,0,1,0,0,3,22,0,0,MTL,2,18:06,Avalanche,Canadiens,NA
2025020417,COL,H,2025-12-02,0,0,0,1,0,0,0,0,1,23,0,0,VAN,0,21:31,Avalanche,Canucks,NA
2025020430,COL,R,2025-12-04,1,1,2,0,0,0,0,0,3,19,0,0,NYI,2,20:04,Avalanche,Islanders,NA
2025020441,COL,R,2025-12-06,0,3,3,2,0,0,0,0,3,23,0,0,NYR,0,22:12,Avalanche,Rangers,NA
2025020453,COL,R,2025-12-07,0,1,1,1,0,0,0,0,2,20,0,0,PHI,2,21:36,Avalanche,Flyers,NA
2025020475,COL,R,2025-12-09,0,2,2,0,0,1,0,0,3,23,0,0,NSH,0,25:36,Avalanche,Predators,NA
2025020490,COL,H,2025-12-11,0,2,2,2,0,0,0,0,1,19,0,0,FLA,0,17:14,Avalanche,Panthers,NA
2025020506,COL,H,2025-12-13,0,0,0,0,0,0,0,0,3,18,0,0,NSH,0,16:59,Avalanche,Predators,NA
2025020528,COL,R,2025-12-16,0,2,2,2,0,0,0,0,1,19,0,0,SEA,0,21:16,Avalanche,Kraken,NA
2025020546,COL,H,2025-12-19,1,0,1,1,0,0,0,0,4,20,0,0,WPG,0,16:57,Avalanche,Jets,NA
2025020563,COL,R,2025-12-21,1,0,1,1,0,0,0,0,3,24,0,0,MIN,0,19:40,Avalanche,Wild,NA
2025020584,COL,H,2025-12-23,0,0,0,0,0,0,0,0,2,21,0,0,UTA,0,19:07,Avalanche,Mammoth,NA
2025020600,COL,R,2025-12-27,2,0,2,3,0,0,0,0,4,26,0,0,VGK,0,21:09,Avalanche,Golden Knights,NA
2025020611,COL,H,2025-12-29,1,0,1,1,0,0,0,0,4,20,0,0,LAK,0,18:09,Avalanche,Kings,NA
2025020629,COL,H,2025-12-31,0,1,1,2,0,0,0,0,5,18,0,0,STL,0,17:11,Avalanche,Blues,NA
2025020653,COL,R,2026-01-03,0,2,2,0,0,0,0,0,0,23,0,0,CAR,0,22:44,Avalanche,Hurricanes,NA
2025020659,COL,R,2026-01-04,0,0,0,-1,0,0,0,0,0,20,0,0,FLA,0,22:26,Avalanche,Panthers,NA
2025020668,COL,R,2026-01-06,0,0,0,-2,0,0,0,0,3,23,0,0,TBL,2,21:54,Avalanche,Lightning,NA
2025020691,COL,H,2026-01-08,1,1,2,2,1,1,0,0,2,19,0,0,OTT,0,18:33,Avalanche,Senators,Sénateurs
2025020699,COL,H,2026-01-10,0,0,0,0,0,0,0,0,3,19,0,0,CBJ,0,20:51,Avalanche,Blue Jackets,NA
2025020723,COL,H,2026-01-12,1,1,2,2,0,0,0,0,5,26,0,0,TOR,2,22:31,Avalanche,Maple Leafs,NA
2025020752,COL,H,2026-01-16,1,0,1,-2,0,0,0,0,2,23,0,0,NSH,0,20:07,Avalanche,Predators,NA
2025020771,COL,H,2026-01-19,0,2,2,2,0,1,0,0,2,27,0,0,WSH,0,23:38,Avalanche,Capitals,NA
2025020789,COL,H,2026-01-21,0,0,0,-1,0,0,0,0,1,27,0,0,ANA,0,27:03,Avalanche,Ducks,NA
2025020805,COL,H,2026-01-23,0,2,2,0,0,0,0,0,9,22,0,0,PHI,0,25:16,Avalanche,Flyers,NA
2025020819,COL,R,2026-01-25,0,0,0,1,0,0,0,0,2,22,0,0,TOR,0,20:57,Avalanche,Maple Leafs,NA
2025020841,COL,R,2026-01-28,0,0,0,-3,0,0,0,0,0,25,0,0,OTT,0,22:37,Avalanche,Senators,Sénateurs
2025020845,COL,R,2026-01-29,0,0,0,-3,0,0,0,0,3,20,0,0,MTL,0,20:57,Avalanche,Canadiens,NA
